id;beschreibung;bild;ects;module_abkürzung;module_name;module_typ;oberkategorie;prüfungsart;regelstudienzeitsieben;regelstudienzeitzwölf;verfügbarkeit;vertiefung;bildrechte
1;"Die Studierenden lernen mathematische Notationen und Symbole kennen, sie lernen vorgegebene mathematische Argumentationen zu verstehen und zu bewerten und können selbstständig logische Schlüsse ziehen.

Die mathematischen Grundlagen zu folgenden Gebieten werden vermittelt: Aussagen, Mengen, natürliche Zahlen, reelle Zahlen, Funktionen Elementare Funktionen: Algebraische Funktionen, Transzendente Funktionen Konvergenz und Divergenz von Folgen, Grenzwert, Stetigkeit, Differentiation und Intergration von reellen Funktionen und Reihen.

Die Studierenden lösen Problemstellungen zu den vermittelten Kenntnissen, und verstehen und kommunizieren mathematische Aussagen";mathe1.jpg;10;MA1;Mathematik 1;Pflichtfach;Mathematik;schriftliche Klausur;1;1;Wintersemester;\N;\N
2;"Das Modul vermittelt folgende Kenntnisse und Fertigkeiten:

Beschreiben informationstechnischer Grundlagen
Einordnen von Programmierparadigmen
Erfassen der Funktionsweise von Quelltexten Dritter
Erstellen von Programmen
Entwurf und Modellierung von Softwaresystemen
Anwenden von Programmierkonzepten
Entscheiden, welche Programmierkonstrukte zur Lösung einer Problemstellung geeignet sind
Entwickeln von Programmen zur Lösung von konkreten Problemstellungen
Abstrahieren von Problembeschreibungen in Algorithmen
Überprüfen von Programmen auf Fehler
Die Kompetenzen werden zunächst über eine Vorlesung durch den Dozenten vermittelt und danach in praktischen Übungen von den Studierenden vertieft. Die sichere Anwendung einer Programmiersprache ist grundlegende Voraussetzung für die Entwicklug medientechnischer Systeme  und erlaubt die Bewertung bestehender Systeme";info1.jpg;6;INF1;Informatik 1;Pflichtfach;Informatik;schriftliche Klauur;1;3;Wintersemester;\N;\N
3;"Das Modul vermittelt die Grundlagen der Physik des Lichts inkl. Reflexion und Absorption, sowie der geometrischen Optik und der optischen Bildgestaltung. Die Studierenden lernen die Phänomene zu verstehen und anschaulich zu erklären und formelmäßig mathematisch umzusetzen. Neben der Berechnung werden auch durch die Konstruktion von Strahlengängen die Besonderheiten optischer Systeme verstanden und analysiert.

Durch Vorlesung und Übung werden die theoretischen Kenntnisse vermittelt und in Zusammenhang zur Bildentstehung in der Digitalfotografie gebracht. Die Übung analysiert beispielhafte Anordnungen und Vorgänge, modelliert diese als physikalische Formeln oder Skizzen und berechnet bzw. konstruiert gegebene Fragestellungen.

Sowohl die formelmäßige Modellierung und Berechnung als auch die graphische Darstellung und Diskussion technischer Zusammenhänge sind Basiskompetenzen im Ingenieurberuf. Zur erfolgreichen Zusammenarbeit in Teams werden ihre Darstellung und Visualisierung gefordert. Die Grundlagen der fotografischen Optik sind ein wesentlicher Bestandteil medientechnischer Systeme.";photo1.jpg;5;PHO1;Phototechnik 1;Pflichtfach;Phototechnik;schriftliche Klausur;1;3;Wintersemester;\N;Michael M. Schuff
4;"Studierende lernen grundlegende Zusammenhänge der Elektrotechnik zu erklären und Berechnungen zu Gleich- und Wechselstromnetzwerken durchzuführen.

In der Vorlesung werden die theoretischen Grundlagen und Kenntnisse aus den relevanten Bereichen der Elektrotechnik und Elektronik vermittelt. In der Übung werden Aufgaben zu allen in der Vorlesung behandelten Themen bearbeitet .

Medientechnologische Systeme basieren immer auf der Elektronik, um diese Systeme verstehen und entwickeln zu können müssen die Grundlagen der Elektronik bekannt sein.";elektronik.jgp;5;ELE;Elektronik;Pflichtfach;Elektronik;schriftliche Klausur;1;1;Wintersemester;\N;\N
5;"Durch das Modul lernen die Studierenden grundlegende Phänomene der menschlichen visuellen, auditiven und audiovisuellen Wahrnehmung kennen und werden in die Lage versetzt, diese in einfachen Modellen und Kennziffern zu beschreiben.

Durch das Beobachten der in der Vorlesung präsentierten Versuche einschließlich einiger Selbstversuche erfahren die Studierenden unmittelbar sinnlich die Eigenschaften und Beschränkungen menschlicher Wahrnehmung. Durch die dazu vermittelten Inhalte können sie die beobachteten Effekte zu den entsprechenden Modellen und Kennziffern in Beziehung setzen.

Medientechnische Systeme und Medienprodukte zielen in der Regel darauf, dem menschlichen Betrachter Inhalte zu präsentieren, die dieser audiovisuell aufnimmt. Die gesamte Produktionskette muss daher die Eigenschaften und Beschränkungen der menschlichen Wahrnehmung berücksichtigen, damit die Präsentation einerseits dem natürlichen Erleben nahe kommt und andererseits der technischer Aufwand auf das Wahrnehmbare beschränkt wird. Die Veranstaltung vermittelt hierzu die nötigen Grundkenntnisse.";visuelle_und_auditive_wahrnehmung.jpg;3;AVW;Visuelle und auditive Wahrnehmung;Pflichtfach;Rest;wöchentliche Tests;1;1;Wintersemester;\N;\N
6;Die Studierenden werden befähigt für ihren weiteren Studienverlauf immer wieder begründete Entscheidungen für ihr Lernverhalten zu treffen. Die Entscheidungen basieren auf eigenen Lernerfahrungen sowie auf Lernstrategien im Studium, Methoden des Zeitmanagements, Feedback des Lernverhaltens und dem Kompetenzmodell der TH Köln für Studium und Lehre (KomM).;platzhalter1.png;1;SMM;Selbstmanagement im Studium;Pflichtfach;Rest;schriftliche Abgaben;1;1;Wintersemester;\N;\N
7;"Studierende sind in der Lage, Aufgabenstellungen aus den Bereichen der Linearen Algebra, der komplexen Zahlen, der mehrdimensionalen Differential- und Integralrechnung und der gewöhnlichen Differentialgleichungen, einschließlich solcher, die aus einem realweltlichen Bezug entnommen sind, zu lösen.

In der Vorlesung werden die benötigten mathematischen Inhalte vorgestellt. In den Übungen werden die Studierenden angehalten, diese Inhalte auf die gegebenen Aufgaben anzuwenden.

Studierende sind damit in der Lage, in berufspraktischen ingenieurmäßigen Fragestellungen die entsprechenden mathematischen Fragestellungen zu erkennen und diese mit den vermittelten Methoden zu bearbeiten.";mathe2.jpg;10;MA2;Mathematik 2;Pflichtfach;Mathematik;schriftliche Klausur;2;2;Sommersemester;\N;\N
8;"Das Modul vermittelt folgende Kenntnisse und Fertigkeiten:

Erklären von fortgeschrittenen Methoden der Objektorientierung
Erklären der grundlegenden dynamischen Datenstrukturen
Erklären von grundlegenden Algorithmen der Informatik
Erstellen von objektorientierten Programmen
Entwerfen von objekt-orientierten Modellen zu einer gegebenen Problemstellung und Umsetzen in einer Programmiersprache
Verwenden von dynamischen Datenstrukturen in einer Programmiersprache
Entwerfen von dynamischen Datenstrukturen
Implementieren von dynamischen Datenstrukturen in einer Programmiersprache
Bestimmen der Komplexität von Algorithmen
Lösen einer Problemstellung mittels geeigneter Algorithmen
Implementieren von Algorithmen in einer Programmiersprache
Die Kompetenzen werden zunächst über eine Vorlesung durch den Dozenten vermittelt und danach in praktischen Übungen von den Studierenden vertieft. Die sichere Anwendung einer Programmiersprache ist grundlegende Voraussetzung für die Entwicklug medientechnischer Systeme und erlaubt die Bewertung bestehender Systeme.";info2.jpg;6;INF2;Informatik 2;Pflichtfach;Informatik;schriftliche Klauur;2;4;Sommersemester;\N;\N
9;"Das Modul vermittelt die Grundlagen der Photometrie, die aktuellen technischen Konzepte zur Strahlungserzeugung und zum Strahlungsempfang sowie der Beleuchtungstechnik. Die Studierenden lernen die Phänomene zu verstehen und anschaulich zu erklären und formelmäßig mathematisch umzusetzen. Die Leistungsfähigkeit fotografischer Systeme wird dabei in Bezug zu den Anforderungen des menschlichen Auges gesetzt.

Durch Vorlesung und Übung werden die theoretischen Kenntnisse vermittelt und in Zusammenhang zur Bildentstehung in der Digitalfotografie gebracht. Die Übung analysiert beispielhafte Anordnungen und Vorgänge, modelliert diese als physikalische Formeln oder Skizzen und berechnet bzw. konstruiert gegebene Fragestellungen.

Sowohl die formelmäßige Modellierung und Berechnung als auch die graphische Darstellung und Diskussion technischer Zusammenhänge sind Basiskompetenzen im Ingenieurberuf. Zur erfolgreichen Zusammenarbeit in Teams werden ihre Darstellung und Visualisierung gefordert. Die Grundlagen fotografischer Systeme sind ein wesentlicher Bestandteil medientechnischer Systeme.";photo2.jpg;5;PHO2;Phototechnik 2;Pflichtfach;Phototechnik;schriftliche Klausur;2;4;Sommersemester;\N;Michael M. Schuff
10;"Durch das Modul lernen die Studierenden grundlegende Phänomene der Audiotechnik und Videotechnik kennen und werden in die Lage versetzt, diese in einfachen Modellen und Kennziffern zu beschreiben.

Durch die Erläuterung der physikalischen Grundlagen und der Bezug auf die medientschnischen Audio- und Videokomponenten erlernen die Studierenden wesentliche Aspekte, die sie befähigen solche Systeme zu verstehen, zu analysieren und in der Anwendung zu optimieren. Darüber hinaus lernen die Studierenden, die technischen Kennwerte von medientechnischen Systeme kennen und einzuordnen.

Medientechnische Systeme und Medienprodukte zielen in der Regel darauf, Inhalte zu präsentieren, die dieser audiovisuell aufnimmt. Für das Verständnis müssen die Studierenden jedoch die physikalischen Grundregeln und die Konzepte kennenlernen. Die gesamte Produktionskette und die einzelenen Aspekte müssen daher berücksichtigen und einbezogen werden, damit die Präsentation einerseits dem natürlichen Erleben nahe kommt und andererseits der technischer Aufwand auf das wesentliche beschränkt wird. Die Veranstaltung vermittelt hierzu die nötigen Grundkenntnisse.";platzhalter2.png;5;EM1;Elektronische Medien 1;Pflichtfach;Elektronik;schriftliche Klausur;2;2;Sommersemester;\N;\N
11;"Die Studierenden lernen die allgemeinen Gestaltungsgrundlagen im Bereich Mediendesign kennen und wenden diese an. Dabei werden Sie fachlich in die Lage versetzt, Gestaltungsfaktoren im Bereich Bildgestaltung zu analysieren und zu identifizieren. Sie lernen die Grundlagen der technischen und gestalterischen Studiofotografie und von Bewegtbildern/Video kennen und wenden dann diese in der Lichtgestaltung und der Perspektive für Foto und Video an.

Die in der Vorlesung vermittelten Gestaltungstheorien werden in praktischen Aufgaben/Übungen angewendet. Zudem wird die Handhabung der Kamera im Foto- und Videobereich bezogen auf Gestaltungsmöglichkeiten und Grundlagen der Gestaltung mit Hilfe themenbezogener Aufgaben auch innerhalb des Praktikums zu bestimmten Themen gelernt und angewandt.

Die Studierenden sind damit in der Lage Medieninhalte und Medienprodukte zu erstellen und zu gestalten und haben dabei Medienproduktionsprozesse und -systeme kennengelernt und entworfen.Sie werden auf Gestaltungsmöglichkeiten aufmerksam gemacht durch experimentelles Vorgehen am Beispiel von konkreten Aufgaben und Themen mit Erweiterung der sprachlichen Ausdrucksfähigkeit im Gestaltungsbereich.";grundlagen_der_gestaltung_von_medien1.jpg;4;GGM1;Grundlagen der Gestaltung von Medien 1;Pflichtfach;Mediengestaltung;Abgaben;2;4;Sommersemester;\N;Michael M. Schuff
12;"Die Studierenden lernen die mahtematische Beschreibung linearer Systeme (analog/diskret, nichtperiodisch/periodisch) kennen und können sie auf realweltliche Probleme anwenden. Außerdem werden die Grundlagen der Wahrscheinlichkeitsrechnung und der mathematischen Statistik, einschließlich der mathematischen Beschreibung von Rauschen vermittelt.

Bei der Beschreibung medientechnischer Systeme wird immer wieder auf die Konzepte der linaren Systemtheorie zurückgegriffen. Dies geschieht an verschiedenen Stellen mit unterschiedlichen Interpretationen der betrachteten Größen (elektrische Signale einschließlich Funksignalen, Akustik, Wellenoptik, Bild- und Audioverarbeitung). Bei Wahrscheinlichkeitsrechnung und mathematischer Statistik handelt es sich um Werkzeuge, die überall zum Einsatz kommen müssen, wo Erkenntnis aus empirischen Daten gewonnen wird.";platzhalter3.png;7;SIGA;Signaltheorie und Angewandte Mathematik;Pflichtfach;Mathematik;schriftliche Klausur;3;5;Wintersemester;\N;Michael M. Schuff
13;"Computernetze und insbesondere das Internet sind heute die Grundlage für alle technischen Kommunikationssysteme und bilden die Kommunikationsplattform für verteilte Systeme. Die Medienindustrie befindet sich im Wandel von klassischen Produktions- und Distributionstechnologien hin zu Internet-vernetzen Ökosystemen. Entsprechende Kompetenzen und Wissen über die zugehörigen Grundlagen sind essentiell für die Erstellung, Bewertung und den Betrieb moderner Medienproduktionssysteme auf Basis verteilter Systeme und Services. Das Modul vermittelt Wissen zu Protokollen, Dienste und Standards zur digitalen Kommunikation sowie Kompetenzen zur Planung, Umsetzung und Evaluation von Computernetzen mit einem besonderen Fokus auf vernetzte/verteilte Mediensysteme (z.B. HTTP Live Streaming). In diesem Kontext werden Aufgaben und Mechanismen der Protokolle und Dienste, Wissen zur Architektur und zum Aufbau von Computernetzen sowie ein tieferes Verständnis der zugrundeliegenden Konzepte und Techniken vermittelt. Folgende Kenntnisse und Kompetenzen werden im Detail vermittelt:

Grundlegende Konzepte und Technologien von Computernetzen
Protokolle und Dienste benennen und anhand von Referenzmodellen zuordnen
Aufgabenstellungen analysieren und strukturieren, einschlägige Standards zuordnen und auf Netzdesigns und Anwendungsklassen übertragen
Protokoll-Mechanismen erläutern, Aufgaben und technische Parameter darlegen und strukturieren
Netze und Systeme unter Einsatz geeigneter Tools analysieren und Ergebnisse nachvollziehbar darstellen
Netze und Systemkonfiguration planen und einrichten
Leistungsfähigkeit von Computernetzen abschätzen und analysieren
Information aus englischen Originalquellen und Standards ableiten
Kenntnisse und Basisfertigkeiten werden in Vorlesung und Übung vermittelt. Die grundlegenden Begriffe, Architekturen, Kommunikationsformen, Komponenten und Aufgaben von Computernetzen werden eingeführt. Kommunikationsaufgaben werden anhand von Protokollen und Dienste der sieben OSI-Schichten behandelt. Darauf aufbauend werden Netzarchitekturen und deren Planungskonzepte erarbeitet und Techniken der verschiedenen OSI-Schichten eingeführt. Der Schwerpunkt liegt auf Methoden und Protokolle des Internets und speziell der TCP/IP-Protokollfamilie. Die Studierenden werden in die Lage versetzt, systematisch kleine bis mittlere, IP-basierte Netze eigenständig zu planen, implementieren, evaluieren und zu betreiben.

Darauf aufbauend werden im Praktikum Kompetenzen und Fertigkeiten ausgebaut und inhaltliche Themen vertieft. Im Praktikum arbeiten die Studierenden in Kleingruppen und präsentieren und diskutieren sowie begründen ihre Lösungen in Fachgesprächen.";info3.jpg;7;INF3;Informatik 3;Pflichtfach;Informatik;schriftliche Klauur;3;7;Wintersemester;\N;Michael M. Schuff
14;"Die Stidieenden werden befähigt den grundlegenden Aufbau und die Funktionsweise einer Kamera darzustellen und zu erklären und die Spezifitäten verschiedener Kameratypen gegenüberzustellen.

Die Funktionsweisen und Kenngrößen verschiedener Bildsensortechnologien werde vermittelt. Studierende erhalten Datenblätter zu verschiedenen Bildsensortechnologien und analysieren und vergleichen die Kenngrößen.

Die Studierenden lernen die grundlegenden Funktionen der Bildverarbeitungskette innerhalb einer digitalen Kamera zu benennen und erklären und Rohdaten messtechnisch zu analysieren.";photo3.jpg;6;PHO3;Phototechnik 3;Pflichtfach;Phototechnik;schriftliche Klausur;3;5;Wintersemester;\N;Michael M. Schuff
15;"Durch das Modul lernen die Studierenden grundlegende Zusämmenhänge der Audio- und Videosignalverabeitung kennen und werden in die Lage versetzt, diese in einfachen Modellen und Kennziffern zu beschreiben.

Durch die Erläuterung der physikalischen Grundlagen und der Bezug auf die medientschnischen Audio- und Videokomponenten erlernen die Studierenden wesentliche Aspekte, die sie befähigen solche Systeme zu verstehen, zu analysieren und in der Anwendung zu optimieren. Darüber hinaus lernen die Studierenden, die technischen Kennwerte von medientechnischen Systeme kennen und einzuordnen.

Medientechnische Systeme und Medienprodukte zielen in der Regel darauf, Inhalte zu präsentieren, die dieser audiovisuell aufnimmt. Für das Verständnis müssen die Studierenden die physikalischen Grundregeln und die Konzepte kennenlernen. Die gesamte Produktionskette und die einzelenen Aspekte müssen daher berücksichtigen und einbezogen werden, damit die Präsentation einerseits dem natürlichen Erleben nahe kommt und andererseits der technischer Aufwand auf das wesentliche beschränkt wird. Die Veranstaltung vermittelt hierzu die nötigen Grundkenntnisse.";grundlagen_der_gestaltung_von_medien2.jpg;5;EM2;Elektronische Medien 2;Pflichtfach;Elektronik;schriftliche Klausur;3;3;Wintersemester;\N;\N
16;"Die Studierenden lernen Gestaltungstheorien, Methoden, Vorgehensweisen und Tools kennen im Bereich Mediendesign kennen und wenden diese auf ein eignes Mini-Projekt im Rahmen des Seminares und Praktikum an.

 Im Praktikum werden praktische Fähigkeiten im Bereich Fotografie und Videoproduktion vermittelt, die in den Aufgaben und innerhalb des Mini-Projekt im Seminar angewandt werden können.

Damit werden multimediale Produktionsabläufe mit ökonomischen und projektbezogenen Rahmenbedingungen erlernt, sowie Methoden, Technologien und Werkzeuge zur multimedialen Gestaltung im Rahmen eines Projektes und dessen Planung.";platzhalter1.png;5;GGM2;Grundlagen der Gestaltung von Medien 2;Pflichtfach;Mediengestaltung;Abgabe;3;5;Wintersemester;\N;Michael M. Schuff
17;"Die Studierenden erkennen und reflektieren medienethische Konflikte in Theorie und Praxis und werden darauf vorbereitet Konfliktfälle in realen Situationen vor diesem Hintergrund einzuordnen und begründet zu bewerten unter Verwendung der grundlegenden Begriffe der Medienethik.

Im Seminar werden medienethische Themen und Theorien vermittelt und diese mit einer Hausarbeit erarbeitet. Darauf basierend erfolgt die Erstellung eines eigenen Projektes zu einer praktischen medienethischen Fragestellung.
Dies befähigt dazu bei medialen Produktionsabläufen mit ökonomischen und projektbezogenen Rahmenbedingungen, den medienethischem Hintergrund zu erkennen, zu bewerten und zu bearbeiten.";platzhalter2.png;5;MEG;Medienethik und Gesellschaft;Pflichtfach;Geisteswissenschaft;Abgabe;4;6;Sommersemester;\N;\N
18;"Die Studierenden agieren in heterogenen Teams, treffen gemeinsame Entscheidungen und entwickeln ein Verständnis für die Methoden und Denkweisen anderer Disziplinen. Sie sollen lernen, über die eigenen Fachgrenzen hinaus zielgerichtet zu kommunizieren und zu arbeiten. Mithilfe der unterschiedlichen Fachsprachen, Denkweisen und Methoden aller Disziplinen werden gemeinsame Projektideen entwickelt und Ergebnisse erzielt.

Die Ergebnisse des interdisziplinären Projektes werden schriftlich in einem Bericht zusammengefasst.";platzhalter3.png;2;IDP;Interdisziplinäres Projekt;Pflichtfach;Geisteswissenschaft;Abgabe;4;6;Sommersemester;\N;\N
19;"Anhand von Gesetzestexten und aktuellen Fallbeispielen aus der Praxis werden wesentliche Grundelemente aus dem Rechtsgebiet,  insbesondere aus dem Verfassungs-, Urheber- und Medienrechts dargestellt und diskutiert.

Die Studierenden sind anschliessend in der Lage Sachverhalte juristisch einordnen zu können sowie praxisorientierte Fragestellungen in den Schwerpunkten Urheber- und Medienrecht identifizieren und beantworten zu können. Die Studierenden sollen ein Gefühl dafür entwickeln, wenn ihnen in ihrer späteren Berufstätigkeit Sachverhalte begegnen, die rechtliche Konsequenzen haben können. Sie sollen zudem ein Bewusstsein für den Schutz geistiger, kreativer Leistung entwickeln. Im Folgenden sind die Lehrinhalte stichwortartig aufgeführt.";recht.jpg;3;REC;Medienrecht;Pflichtfach;Recht;schriftliche Klausur;4;9;Sommersemester;\N;\N
20;"Die Studierenden lernen grundlegende Algorithmen der Bildverarbeitung kennen. Sie können die programmtechnische Umsetzung dieser Algorithmen nachvollziehen und erläutern und können die visuellen Effekte bei Anwendung der Algorithmen auf Bilder beschreiben.

In der Vorlesung wird das Wissen zu den grundlegenden Algorithmen vermittelt. Im Praktikum wenden die Studierenden ausgewählte Algorithmen in Form von Quellcode auf Bilder an und beschreiben die beobachteten Effekte der Verarbeitung.

Für die Entwicklung von Mediensystemen ist es erforderlich, einen Baukasten an grundlegenden Algorithmen zu kennen, um daraus anwendungsspezifische Verarbeitungen zusammenzustellen. Die Entwicklung tiefergehender spezialisierter Verarbeitungsschritte setzt voraus, dass man die grundsätzliche programmtechnische Herangehensweise beim Zugriff auf Bilddaten und deren Verarbeitung kennt und diese anwenden kann. Für die Analyse von Mediensystemen sind die gleichen Kompetenzen erforderlich, um entsprechende Analysewerkzeuge zu entwickeln und anzuwenden. Dei Veranstaltung liefert dazu notwendige Voraussetzungen.";bildverarbeitung.jpg;5;BV1;Bildverarbeitung;Vertiefungsfach;Bildverarbeitung;mündliche Prüfung;4;\N;Sommersemester;Bildverarbeitung;\N
21;"Web-Technologien sind heute die Grundlage für alle technischen Kommunikationssysteme und bilden die Kommunikationsplattform für verteilte Systeme. Die Medienindustrie befindet sich im Wandel von klassischen Produktions- und Distributionstechnologien hin zu Internet-vernetzen Ökosystemen.
Entsprechende Kompetenzen und Wissen über die zugehörigen Grundlagen sind essentiell für die Erstellung, Bewertung und den Betrieb moderner Medienproduktionssysteme auf Basis web-basierter Technologien und Services.

Webbasierte Systeme können grob in ein Backend und Frontend unterteilt werden. Dieses Modul fokussiert auf das Backend und vermittelt Wissen zu Komponenten, Architekturmuster, Kommunikationsprotokollen und Standards sowie Kompetenzen zur Planung, Umsetzung und Evaluation von Web-basierten Backend-Systemen mit einem besonderen Fokus auf vernetzte/verteilte Mediensysteme. In diesem Kontext werden Aufgaben und Mechanismen der Komponenten und Protokolle, Wissen zur Architektur und zum Aufbau von Web-basierten Systemen sowie ein tieferes Verständnis der zugrundeliegenden Konzepte und Techniken vermittelt.";webengineering1.jpg;5;WEB1;Webengineering 1;Vertiefungsfach;Webengineering;schriftliche Klausur;4;\N;Sommersemester;Webengineering;Michael M. Schuff
22;"Das Modul vermittelt folgende Kenntnisse und Fertigkeiten:

Beschreiben von Methoden zum geometrischen Modellieren
Erklären von Transformationen
Beschreiben der grundlegenden Graphikhardware
Beschreiben der einzelnen Stufen der Rendering Pipeline
Erklären von globalen und lokalen Beleuchtungsmodellen
Beschreiben von Methoden zur Texturierung
Gegenüberstellen der behandelten Beleuchtungsmodelle
Entscheiden welches Verfahren geeignet ist, um eine konkrete Problemstellung der Computergrafik zu lösen
Entwicklen von Computergrafikanwendungen (Verwenden eines 3D-APIs, Erstellen interaktiver 3DProgramme, Anwenden der mathematischen Basis der Computergrafik, Anwenden der grundlegenden Algorithmen der Computergrafik, Testen und Debuggen von Anwendungen)
Die Kompetenzen werden zunächst über eine Vorlesung vermittelt und danach im Praktikum von den Studierenden vertieft. Die sichere Anwendung der Grundlagen der Computergrafik ist Voraussetzung für die Entwicklug interaktiver medientechnischer Systeme und erlaubt die Bewertung bestehender Systeme.

Im Praktikum werden an Hand eines aktuellen 3D APIs diese Kenntnisse in praxisnahen Szenarien vertieft und angewendet. Beispielsweise werden von den Studenten eigene Shaderprogramme für die Beleuchtung einer 3D Szene erstellt.";computergrafik.jpg;5;CG;Computergrafik;Vertiefungsfach;Interaktive Computergrafik;schriftliche Klausur;4;\N;Sommersemester;Interaktive Computergrafik;Michael M. Schuff
23;"Das Vertiefungsmodul ""Vertiefende Methoden und Theorien der Gestaltung"" beschäftigt sich mit der Theorie und Anwendung von medienspezifischen Gestaltungsprinzipien und User Experience Themen im Rahmen von digitalen Leitsystemen und Signaletik. Es richtet sich an Studierende, die eine Tätigkeit und Herausforderung im Bereich der Schnittstellen zu aktuellen User Experience Design Themen suchen (wie z.B. Smart Home, Info-Orientierungssystem, Navigationssysteme, etc.).

Die Studierenden lernen Designtheorien, Methoden, und multimediale Produktionsabläufe unter Berücksichtigung ökonomischer Aspekte. Sie wenden medienspezifische Gestaltungsprinzipien und User Experience Themen auf ein eigenes Projekt im Rahmen des Seminares an und lernen dabei die Erweiterung der sprachlichen Ausdrucks- und Analysefähigkeit für unterschiedliche Medien.

Designtheorie und Methoden werden in einem Seminar mit Aufgaben vermittelt und basierend auf dem Seminar führen die Studierenden in Gruppenarbeit ein eigenes Projekt zu einem Hauptthema durch, von der Analyse über die Konzeption und Skizzenerstellung bis hin zur praktischen Umsetzung und Prototyperstellung und abschließend die Präsentation mit theoretischer Ausarbeitung.";gestaltung.jpg;5;GM1;Vertiefende Methoden und Theorien der Gestaltung;Vertiefungsfach;Gestaltung von Medien;Abgabe;4;\N;Sommersemester;Gestaltung von Medien;Michael M. Schuff
24;"Die Studierenden lernen den Pixelaufbau verschiedener Bildsensorarchitekturen kennen und können elektrische und optische Funktionen und Kenngrößen verschiedener Bildsensortechnologien verstehen und erläutern.

 Durch Übungsaufgaben zur Berechnung des Sensortimings und der Rauscheigenschaften wird das theoretisch vermittelte Wissen vertieft. Im Praktikum wird  die Ansteuerung von Industriekameras betrachtet..

Um Bildsensoren einzusetzen und Bilder weiter zu verarbeiten müssen die Eigenschaften der Sensoren, insbesondere die Rauscheigenschaften, bekannt sein und entsprechende Rechnungen durchgeführt werden können.

Außerdem lernen die Stiderienden Korrekturmodelle für die Sensorik aus den Sensoreigenschaften abzuleiten und zu erklären. Mit Korrekturmodellen können aus Bildern mit Artefakten der Sensorik korrekte Bilder berechnet werden.";bildsenortechnik.jpg;5;KAT1;Bildsensortechnik;Vertiefungsfach;Kameratechnik;schriftliche Klausur;4;\N;Sommersemester;Kameratechnik;Michael M. Schuff
25;"Die Studierenden lernen grundlegende Prinzipien der elektronischen Bilderzeugung in Displays und deren Ansteuerung kennen. Sie werden in die Lage versetzt, die Bildqualität anhand von gemessenen Parametern zu beschreiben, zu beurteilen und zu optimieren. Insbesondere befähigt der Kurs, die  Farbeigenschaften von Displays unterschiedlicher Technologien zu modellieren und zu kalibrieren.

Durch die Erläuterung der physikalischen Grundlagen und Prinzipien der Bilderzeugung erlernen die Studierenden wesentliche Aspekte, die sie befähigen,
Displaysysteme zu verstehen, zu analysieren und in der Anwendung zu optimieren.

In der Vorlesung werden die theoretischen Grundlagen und Kenntnisse aus dem Bereich der Displaytechnik vermittelt und in der Übung rechnerisch auf relevante Fragestellungen angewendet. Im Praktikum werden die Eigenschaften verschiedener Displaytechnologien anhand von Messungen untersucht und gemäß ICC kalibriert. Ferner wird das Thema Farbmanagement in praxisnahen Szenarien vertieft und angewendet.";displaytechnik.jpg;5;DIS;Displaytechnik;Vertiefungsfach;Mediendistribution und -wiedergabe;schriftliche Klausur;4;\N;Sommersemester;Mediendistribution und -wiedergabe;Michael M. Schuff
26;"In der Vorlesung werden die grundlegenden Techniken und Komponenten
zur Tonaufnahme und Tonbearbeitung vorgestellt. Dabei wird die gesamte
Produktionskette von der Aufnahme bis zur Wiedergabe behandelt.

Die Studierenden werden in die Lage versetzt, unter Berücksichtigung von angemessenen technischen Standards die typischen Schritte einer Tonproduktion für unterschiedliche Zielstellungen / Anwendungen durchzuführen.
Die Studierenden können Audiotechnologien sowohl beschreiben als auch  einordnen und auf der Basis dieser Kenntnisse und Fähigkeiten Anforderungen für bestimmte Einsatzzwecke formulieren, sowie die für die Erfüllung dieser Anforderungen benötigten Systeme in ihren Grundzügen entwerfen.

Im Praktikum werden in kleinen Teams typische Aufgaben in der Tonproduktion durchgeführt. Dabei lernen die Studierenden die einzelnen Komponenten und
ihr Zusammenspiel praktisch kennen und können sich somit einen Systemüberblick
verschaffen. Hier werden zum Beispiel die Eigenschaften von Mikrofonen untersucht oder eine exemplarische Tonproduktion durchgeführt.";tonstudiotechnik.jpg;5;TST;Tonstudiottechnik;Vertiefungsfach;Produktionstechnik audiovisueller Medien;mündliche Prüfung;4;\N;Sommersemester;Produktionstechnik audiovisueller Medien;Michael M. Schuff
27;"In dem Modul werden folgende Inhalte vermittelt:

Grundlegende Unternehmens- und Personalstrukturen mit Bezug auf Unternehmensziele, Absatzmärkte, Beschaffung und Produktion.
Grundlegende Begriffe und Methoden zur Wirtschaftlichkeitsbetrachtung in Unternehmen und von Projekten unter Berücksichtigung steuerrechtlicher und finanzrechtlicher Vorgaben.
Grundlegende Managementaufgaben in Unternehmen
Aufgabenspektrum professioneller Managementwerkzeuge zur Unternehmenssteuerung";platzhalter1.png;5;BWR;Betriebswirtschaft und Recht;Pflichtfach;Recht;Abgaben;5;9;Wintersemester;\N;Michael M. Schuff
28;"Die Studierenden erlernen die Methoden und Verfahren zur Hervorhebung relevanter Bildinhalte und der Analyse/Interpretation von Bildinhalten auf Basis dieser Merkmale. Darauf aufbauend wird die Problemlösung mittels Entwurfswerkzeugen implementiert und validiert.

Der Dozent vermittelt Wissen und Basisfertigkeiten in einem Vorlesungs-/Übungsteil und betreut darauf aufbauend ein Praktikum. Im Praktikum erarbeiten die Studierenden in Kleingruppen Problemlösungen und verteidigen diese.

Die Studierenden werden in dem Modul befähigt, im industriellen Umfeld Problemstellungen im Bereich der Bildanalyse/Mustererkennung mittels Bildverarbeiten zu lösen und bestehende Lösungen zu bewerten.

Die Studierenden erlernen den grundlegenden Aufbau und den software-technischen Zugriff auf digitale Bilder sowie die Standard-Algorithmen der digitalen Bildverarbeitung zur Bildanalyse und Bildinterpretation. Sie erlangen die Fähigkeit zur Lösung anspruchsvoller berührungsloser Inspektions- und Klassifikationsaufgaben mittels Bildverarbeiten.";mustererkennung.jpg;5;BV2;Mustererkennung;Vertiefungsfach;Bildverarbeitung;mündliche Prüfung;5;\N;Wintersemester;Bildverarbeitung;\N
29;Web-basierte Systeme können grob in ein Backend und Frontend unterteilt werden. Dieses Modul fokussiert auf das Frontend und vermittelt Wissen zu Komponenten, Architekturmustern, Kommunikationsprotokollen und Standards sowie Kompetenzen zur Planung, Umsetzung und Evaluation von Web-basierten Frontend-Systemen mit einem besonderen Fokus auf vernetzte/verteilte Mediensysteme. In diesem Kontext werden Aufgaben und Mechanismen der Komponenten und Protokolle, Wissen zur Architektur und zum Aufbau von Web-basierten Systemen sowie ein tieferes Verständnis der zugrundeliegenden Konzepte und Techniken vermittelt;webengineering2.jpg;5;WEB2;Webengineering 2;Vertiefungsfach;Webengineering;schriftliche Klausur;5;\N;Wintersemester;Webengineering;Michael M. Schuff
30;"Die Lehrveranstaltung erfolgt nach dem Flipped Classroom Konzept. In der Vorlesung werden die theoretischen und algorithmischen Grundlagen und Kenntnisse aus dem Bereich der Computeranimation vermittelt.

Die Studierenden sollen in die Lage versetzt werden, Anwendungen und Software zur Computeranimation nicht nur als Black Box zu verwenden, sondern auch deren Arbeitsweise zu verstehen und sich selbstständig in weiterführende wissenschaftliche Themengebiete der Computeranimation einarbeiten zu können.

Im Praktikum werden schrittweise an Hand einer Game Engine und passenden Softwarebibliotheken die Kenntnisse in Form praktischer Übungsaufgaben vertieft und die Implementierung von Software zur Computeranimation geübt";computeranimation.jpg;5;CA;Computeranimation;Vertiefungsfach;Interaktive Computergrafik;mündliche Prüfung;5;\N;Wintersemester;Interaktive Computergrafik;Michael M. Schuff
31;"Das Vertiefungsmodul ""Medienkonzeption & Storytelling "" beschäftigt sich mit der Theorie und Anwendung der digitalen Medienkonzeption unter anderem von Darstellungsformen und Arten des Storytellings in verschiedenen Medien. Es richtet sich an Studierende die eine Tätigkeit und Herausforderung im Bereich der visuellen Medien und Darstellungsformen mit Schnittstellen zur User Experience Design Themen suchen.


Designtheorien, Methoden und und multimediale Produktionsabläufe werden in einem Seminar vermittelt.  Darauf basierend führen die Studierenden in Gruppenarbeit ein eigenes Projekt zu einem Hauptthema durch, von der Analyse über die Konzeption und Skizzenerstellung bis hin zur praktischen Umsetzung und Prototyperstellung unter Berücksichtung von User Experience Aspekten. Das Projekt wird abschließend mit theoretischer Ausarbeitung präsentiert.";medienkonzeption.jpg;5;GM2;Medienkonzeption & Storytelling;Vertiefungsfach;Gestaltung von Medien;Abgabe;5;\N;Wintersemester;Gestaltung von Medien;Michael M. Schuff
32;"Das Modul vermittelt die Grundlagen der elektronischen Bildverarbeitung innerhalb digitaler Kameras. Die Studierenden lernen die zu Grunde liegenden physikalischen Phänomene zu verstehen und die dazugehörigen elektronischen Korrekturverfahren anschaulich zu erklären. Die Leistungsfähigkeit heutiger Kamerasysteme wird in Kenngrößen beschrieben und sind somit vergleichbar.

Durch Vorlesung und Übung werden die theoretischen Kenntnisse vermittelt und in Zusammenhang mit den aktuellen Entwicklungen in der Digitalfotografie gebracht. Die Übung analysiert beispielhafte Anordnungen und Vorgänge, modelliert diese als physikalische Formeln oder Skizzen und berechnet bzw. konstruiert gegebene Fragestellungen.

Sowohl die formelmäßige Modellierung und Berechnung als auch die graphische Darstellung und Diskussion technischer Zusammenhänge sind Basiskompetenzen im Ingenieurberuf. Zur erfolgreichen Zusammenarbeit in Teams werden ihre Darstellung und Visualisierung gefordert. Die Grundlagen fotografischer Systeme und der dazugehörigen Bildverarbeitung und Korrekturverfahren sind ein wesentlicher Bestandteil medientechnischer Systeme.";kameratechnik.jpg;5;KAT2;Kameratechnik;Vertiefungsfach;Kameratechnik;schriftliche Klausur;5;\N;Wintersemester;Kameratechnik;Michael M. Schuff
33;"Die Studierenden lernen Systeme und Komponenten zur Medienübertragung und Speicherung kennen und werden befähigt, solche Systeme zu analysieren und zu planen.

Im Rahmen einer Vorlesung lernen die Studierenden die Eigenschaften verschiedener Übertragungwege und Technologien zur Mediendistribution und Speicherung kennen. Zudem ermöglicht die Veranstaltung einen praktisch Einblick in die Übertragungstechnik.

Systeme zur Medienverbreitung und -speicherung sind zentrale Elemente einer medialen Produktionskette.";medienuebertragung.jpg;5;MUS;Medienübertragung und -speicherung;Vertiefungsfach;Mediendistribution und -wiedergabe;schriftliche Klausur;5;\N;Wintersemester;Mediendistribution und -wiedergabe;Michael M. Schuff
34;"Studierende lernen die typischen Schritte einer Videoproduktion durchzuführen. Dazu setzen sie adäquates technisches Equipment ein und berücksichtigen aktuelle Standards. Studierende sind dadurch in der Lage, in unterschiedlichen Aufnahmesituationen die technischen Voraussetzungen für ein sendefähiges Video zu schaffen.

Dabei werden ebenfalls die grundlegenden Parameter einer Videokamera und deren Bedienung erlernt. In praktischen Laborversuchen werden die Auswirkung von technischen Parametern und Einstellungsmöglichkeiten auf das Bild getestet und der Umgang mit der Kamera geübt.

Studierende lernen außerdem die typische Infrastruktur eines Fernsehstudios kennen und können die Komponenten und ihre jeweiligen Aufgaben beschreiben. Sie analysieren das Zusammenspiel dieser und beurteilen die Leistungsfähigkeit des Gesamtsystems.

Im Vortrag werden einzelne Komponenten sowie deren Zusammenspiel vorgestellt. Übungen und Praktika dienen dazu, diese Kenntnisse zu festigen. Anhand einer Beispielproduktion im Team wird die praktische Anwendung geübt.";videostudiotechnik.jpg;5;VST;Videostudiotechnik;Vertiefungsfach;Produktionstechnik audiovisueller Medien;schriftliche Klausur;5;\N;Wintersemester;Produktionstechnik audiovisueller Medien;Michael M. Schuff
35;"In einem Projekt wenden die Studierenden die in den voraus gegangenen Modulen  erworbenen Kompetenzen exemplarisch an, um eine Aufgabe im Bereich der Bildverarbeitung und Mustererkennung zu lösen. Dabei üben sie den typischen Verlauf eines Entwickungsprojekt von der Spezifikation der Anforderungen bis zur Präsentation des Ergebnisses ein. Außerdem müssen sie selbst mit Hilfe des bereits erworbenen Wissens und eigener Recherche entscheiden, welche fachlichen Ansätze für die Lösung der Aufgabe zu wählen sind.

Die Studierenden bearbeiten in Gruppen von typischerweise 4-5 Studierenden eine vorgegebene oder selbst vorgeschlagene Aufgabenstellung. Alle Präsentationen und Dokumentationen erfolgen in englischer Sprache.

Die Studierenden werden in dem Modul befähigt, Abläufe, wie sie typischerweise in einem industriellen Endwicklungsprojekt ablaufen, durchzuführen. Dabei müssen sie auch das erreichte Arbeitsergebnis in Hinblick auf die gestellten Anforderungen bewerten. In diesem Zusammenhang lernen sie auch, komplexe Aufgaben im Team zu bearbeiten.";projekt_mustererkennung.jpg;6;BV3;Projekt Bildverarbeitung / Mustererkennung;Vertiefungsfach;Bildverarbeitung;Abgabe;6;\N;Sommersemester;Bildverarbeitung;Michael M. Schuff
36;"Die in den Vorlesungen ""Webengineering 1 (Backend)"" und ""Webengineering 2 (Frontend)"" vermittelten Grundkenntnisse und -fertigkeiten werden in diesem Modul aufgegriffen und praktisch angewandt. Innerhalb eines Projekts lösen Studierende im Team gemeinsam ein Web-Projekt mit definierter Aufgabenstellung. Bei den Aufgabenstellung wird es sich bevorzugter Weise um Projekte von Kooperationsunternehmen handeln. Die Studierenden-Teams sollen somit Ihr Projekt in möglichst realitätsnahen Rahmenbedingungen erfahren.";projekt_webengineering.jpg;6;WEB3;Projekt Webengineering;Vertiefungsfach;Webengineering;Abgabe;6;\N;Sommersemester;Webengineering;Michael M. Schuff
37;"Die in den Vorlesungen Computergrafik und Computeranimation vermittelten Grundkenntnisse und -fertigkeiten werden in diesem Modul aufgegriffen und praktisch angewandt. Innerhalb eines Projekts entwickeln mehrere Studenten gemeinsam ein interaktives System, dass eine definierte Aufgabenstellung aus dem Bereich der interaktiven Computergrafik löst. Die Aufgabenstellungen variieren inhaltlich und können z.B. aus den Bereichen Rendering, Animation, Virtual Reality, Augmented Reality, Visualisierung oder Modellierung kommen. Wesentlicher Bestandteil jeder Aufgabenstellung wird die interaktive Nutzung des Systems darstellen.

Die einzelnen Schritte der Projektentwicklung (z.B. Projektidee, Projektplan usw.) werden im Plenum und mit den Dozenten diskutiert. Die Studierenden beteiligen sich ebenfalls an der Diskussion zu Projekten anderer Gruppen. Während des Semester erfolgt die Betreuung durch Dozenten, und in einer Meilensteinpräsentation werden gemeinsam mit den anderen Teams Zwischenergebnisse präsentiert sowie diskutiert. Zum Ende des Semesters sind die Ergebnisse des Projekts sowie eine Projektdokumentation im Stile einer wissenschaftlichen Arbeit abzugeben. Bei der abschließenden Projektpräsentation werden die Projektergebnisse dargestellt und diskutiert.";projekt_interaktive_systeme.jpg;6;IA;Projekt Interaktive Systeme;Vertiefungsfach;Interaktive Computergrafik;Abgabe;6;\N;Sommersemester;Interaktive Computergrafik;Michael M. Schuff
38;"Die Studierenden erlernen medienrelevante Projektplanungsmethoden mit Zeitmanagement, Ressourcenplanung und Dokumentation über Einschätzung der Rolle des Mediendesigns innerhalb des gesamten Projektprozesses. Sie lernen Designtheorien, Methoden, und multimediale Produktionsabläufe unter Berücksichtigung ökonomischer Aspekte in den unterschiedlichen Projektphasen - von der Projektplanung mit Zeitmanagement, Ressourcenplanung und Prototypentwicklung bis hin zur Dokumentation Sie wenden medienspezifische Designprinzipien und User Experience Themen auf ein eigenes Projekt an.

In Gruppenarbeit wird ein eigenes Projekt zu einem gewählten Mediendesign-Thema durchgeführt - von der Analyse über die Konzeption bis hin zur praktischen Umsetzung und Prototyperstellung und Präsentation mit theoretischer Ausarbeitung. Dies wird mit regelmäßigen Coaching und Projektbesprechungen, Überprüfungen einzelner Aufgabenbereiche und Projektschritte bis hin zur Präsentation umgesetzt.";projekt_mediendesign.jpg;6;GM3;Projekt Mediendesign;Vertiefungsfach;Gestaltung von Medien;Abgabe;6;\N;Sommersemester;Gestaltung von Medien;Michael M. Schuff
39;"Die in den Vorlesungen Bildsensortechnik und Kameratechnik vermittelten Grundkenntnisse und -fertigkeiten werden in diesem Modul aufgegriffen und praktisch angewandt. Innerhalb eines Projekts werden mehrere Studierende gemeinsam eine wählbare umfassende Anwendung aus den Bereichen der Kameratechnik inkl. Bildverarbeitung bearbeiten. Die Aufgabenstellung wird inhaltlich variieren und greift auch aktuelle Fragestellungen auf.

Die Studierenden nehmen an einer Einführungsveranstaltung teil, die wesentliche Aspekte der Projektplanung und -steuerung vermittelt. Während des Projektes werden die Studierenden durch den Dozenten begleitet.";projekt_kameratechnik.jpg;6;AKAT;Projekt Anwendungen der Kameratechnik;Vertiefungsfach;Kameratechnik;Abgabe;6;\N;Sommersemester;Kameratechnik;Michael M. Schuff
40;\N;projekt_produktionstechnik.jpg;6;PMPT;Projekt Produktionstechnik audiovisueller Medien;Vertiefungsfach;Produktionstechnik audiovisueller Medien;Abgabe;6;\N;Sommersemester;Produktionstechnik audiovisueller Medien;Michael M. Schuff
41;"Die in den Vorlesungen Displaytechnik und Medienübertragung und -speicherung vermittelten Grundkenntnisse und -fertigkeiten werden in diesem Modul aufgegriffen und praktisch angewandt. Innerhalb eines Projekts werden mehrere Studenten gemeinsam eine definierte Aufgabenstellung aus den Bereichen der Displaytechnik, Displayansteuerung oder der Übertragungstechnik bearbeiten. Die Aufgabenstellung wird inhaltlich variieren und greift auch aktuelle Fragestellungen auf.

Die Studierenden nehmen an einer Einführungsveranstaltung teil, die wesentliche Aspekte der Projektplanung und -steuerung vermittelt. Während des Projektes werden die Studierenden durch den Dozenten begleitet.";projekt_mediendistribution.jpg;6;PMW;Projekt Mediendistribution und-wiedergabe;Vertiefungsfach;Mediendistribution und -wiedergabe;Abgabe;6;\N;Sommersemester;Mediendistribution und -wiedergabe;Michael M. Schuff
42;Der Studierende wird von Betreuern der Hochschule und des eigenständig gewählten Betriebes durch das Praktikum geleitet. Dort wird eine wissenschatlich-technische Problemstellung durch den Studierenden bearbeitet und nicht eine Aufgabe die durch schematische Anwendungen vorformulierter Muster herbeigeführt werden kann. Während des Praktikums wird ein Berichtsheft geführt. Der Abschlussbericht wird mit dem betreuenden Hochschuldozenten disktuiert.;platzhalter1.png;15;PMP;Praxis- und Mobilitätsphase;Pflichtfach;Bachelor;Abgabe schriftlicher Bericht;7;11;Wintersemester;\N;\N
43;"Die Bachelorarbeit erfolgt nach individueller Vereinbarung mit einem Dozenten der F07 über eine qualifizierte Ingenieurtätigkeit mit einer studiengangsbezogenen Aufgabenstellung. Die Bachelorarbeit kann auch extern in einem Wirtschaftsunternehmen o.ä. durchgeführt werden.

Nach Vorgabe des Themas aus dem Bereich der Medientechologien erstellen Sie einen Arbeitsplan und führen die notwendigen Literaturrecherchen durch. Durch sebsltständige Einarbeitung in die notwendigen Methoden zur Problemlösung soll die eigentliche Aufgabestellung gelöst werden. Das Ergebnis der Arbeit wird schriftlich in der Bachelorarbeit dargestellt.";platzhalter2.png;12;BAA;Bachelorarbeit;Pflichtfach;Bachelor;Abgabe Bachelorarbeit;7;12;Wintersemester;\N;\N
44;In einer Präsentation werden vor Fachpublikum die Problemstellung der Bachelorarbeit dargestellt und der Lösungsweg sowie die Ergebnisse präsentiert. In einer anschließenden Diskussion  werden die gewonnen Erkenntnisse und die Lösungswege diskutiert und auf fachliche und außerfachliche Aspekte der Arbeit eingegangen.;platzhalter3.png;3;KOLL;Kolloquium zur Bachelorarbeit;Pflichtfach;Bachelor;mündlicher Ergebnisbericht;7;12;Wintersemester;\N;\N
45;"Bedeutung der Postproduction

Definition des Begriffes
Einordnung in die Productionspipeline
Rückblick
Postproductionworkflow
Preproduction

Briefing
Projektmanagement mit Fokus auf die Postproduction
Look Development
Previsulisationsmethoden
Kameraführung
Prove of Concept
Setsupervision

Vorbereitungen für den Dreh in Bezug auf VFX
Herausforderungen am Set
Nachbereitung
Editing

Rückblick
Schnitt- und Gestaltungstechniken
Betrachtung von Schnittsystemen
Einführung in Compositing und Motiongraphics

Definition der Bereiche
Techniken
Betrachtung diverser Programme
3D in der Postproduction";platzhalter1.png;5;POP;Postproduktion;Wahlfach;Wahlfach Sommersemester;Abgabe;\N;\N;Sommersemester;\N;\N
46;Der Student lernt anhand der Produktion eines Kurzfilmes inklusive der klassichen Postproduction wie Editing, Compositing und Colorgrading, die Herausforderungen einer Produktion und der Nachbearbeitung von Bewegtbild kennen. Es handelt sich um ein Fach im Blockunterricht mit viel Projekt- und Teamarbeit.;platzhalter2.png;5;FPO;Film-und Postproduktion;Wahlfach;Wahlfach Wintersemester;Abgabe;\N;\N;Wintersemester;\N;\N
47;"Im Kurs Stereoskopie werden die grundlegenden Voraussetzungen einer S3D Produktion, welche für Realaufnahmen und Animationen gelten, behandelt. In den 5 inhaltlichen Terminen werden folgende Themen zunächst theoretisch erklärt und im Anschluss in der Praxis ausgetestet:
 

Visuelle Wahrnehmung

Wie sehen wir als Menschen dreidimensional?
Mathematische Grundlagen

Wie berechnet man die Stereobasis und was bedeutet das für die Produktion?
Stereoskopische Aufnahme

Welche Kamerasysteme gibt es und was ist bei der Aufnahme zu beachten?
Formate, Postproduktion, Workflows

Wie werden stereoskopische Daten weiterverarbeitet?
Wiedergabeverfahren

Wie funktionieren S3D-Kinoverfahren und welche weiteren Systeme gibt es?
Als Abschluss des Kurses wird eine Hausarbeit angefertigt. Diese soll ein spezielles Thema der Stereoskopie (wie z.B. S3D in der Medizin; Vergleich verschiedener  Aufnahmesysteme, Historie der Stereoskopie …) behandeln und muss einen technischen Teil beinhalten. Darüber hinaus ist die Themenwahl und die inhaltliche Umsetzung der Hausarbeit frei. Als Abschluss des Kurses wird eine Exkursion zu einem Industrieunternehmen mit stereoskopischer Anwendung gemacht.";platzhalter3.png;5;S3D;Stereoskopie;Wahlfach;Wahlfach Sommersemester;Hausarbeit;\N;\N;Sommersemester;\N;\N
48;"Einführung

User Interface
Navigation
Verwaltung komplexer 3D Szenen
Modellierung von 3D Objekten

Modellieren mit Non-Uniform Rational B-Splines (NURBS)
Boolesche Operationen
Polygonales Modellieren
Subdivisionsflächen
Rendering

physikalisch basierte Materialien
Ausleuchten von 3D Szenen (Lichtquellen)
Kameramodelle
Path Tracing
Post Processing
Texturen

Erstellen von Texturen
Editieren von Texturkoordinaten
Prozedurale Texturen
Ausarbeitung und Kommunikation einer kreativen Arbeit im Bereich CGI. Die erstellten Arbeiten werden vorgestellt und kritisch diskutiert.

Als Software werden Maya und Octane Renderer eingesetzt.


Qualifikationsziele

Die Studierenden erlernen den Umgang mit einer professionellen Software zur Erstellung von Computer Generated Imagery (CGI). Dabei werden Zusammenhänge zu den Lehrveranstaltungen Computergrafik, Computeranimation und Mediengestaltung gezogen und die dort erlernten Techniken praktisch angewendet.";platzhalter1.png;5;CGI;CGI-Workshop;Wahlfach;Wahlfach Wintersemester;Abgaben;\N;\N;Wintersemester;\N;\N
49;"Inhalte:

Selbstständiges Bearbeiten einer Aufgabenstellung aus dem Gebiet der Computergrafik
Entwicklung eines Softwareprototypen für Demonstrationszwecke
Präsentation der Ergebnisse vor der Seminargruppe (Vortrag und Softwareprototyp)
Erstellen einer wissenschaftlichen Ausarbeitung

Qualifikationsziele:
Ziel des Seminars ist die selbstständige und methodische Bearbeitung einer Aufgabenstellung aus dem Bereich der Computergrafik. Die Ausgestaltung der Veranstaltung und insbesondere der geforderte Leistungsnachweis bereiten auf die Abschlussarbeit vor.";platzhalter2.png;5;TCG;Themen der Computergrafik;Wahlfach;Wahlfach Wintersemester;tba;\N;\N;Wintersemester;\N;\N
